USE dogstore;

INSERT INTO Senter (SenterID,Senternavn) VALUES
('1000','Kuben'),
('2000','AMFI'),
('3000','Lørenskog Storsenter'),
('4000','Strømmen Storsenter');

INSERT INTO Kunde (Mobilnr,Fornavn,Etternavn,Betalingskortnr) VALUES
('+4788888888','Hans','Doffen','1111111111111111'),
('+4722222222','Eskil','Nilsen','2222222222222222'),
('+4733333333','Ola','Grostølen','3333333333333333'),
('+4744444444','Adrian','Fjellstad','4444444444444444'),
('+4755555555','Gustav','Grimsbø','5555555555555555');

INSERT INTO Boks (BoksID,SenterID) VALUES
('1111','1000'),
('2222','2000'),
('3333','3000'),
('1112','1000'),
('1113','1000'),
('1114','1000'),
('2223','2000'),
('2221','2000'),
('2224','2000'),
('3331','3000'),
('3332','3000'),
('3334','3000'),
('4441','4000'),
('4442','4000'),
('4443','4000');

INSERT INTO Hund (HundeID,Hundenavn,Rase,Eier,Startdato) VALUES
('1000','Milo','Finsk Lapphund','+4722222222','2024-10-27'),
('1500','Simba','Kongepuddel','+4788888888','2024-10-26'),
('2000','Luna','Sjefer','+4744444444','2024-10-28'),
('2500','Doffen','Chihuahua','+4788888888','2024-10-26'),
('3000','Ståle','Mops','+4788888888','2024-10-26'),
('3500','Ali','Border collie','+4755555555','2023-01-05'),
('4000','Sander','Boxer','+4744444444','2024-10-25');


INSERT INTO Utleie (BoksID,Starttidspkt,HundeID,Sluttidspkt,Belop) VALUES
('1111', '2024-01-01 08:00', '1000', '2024-01-01 10:00', 150),
('1111', '2024-01-01 09:00', '1500', '2024-01-01 11:30', 200),
('1111', '2024-01-02 10:00', '2000', '2024-01-02 12:00', 175),
('1111', '2024-01-02 14:00', '3000', '2024-01-02 16:30', 225),
('1111', '2024-01-03 08:30', '1000', '2024-01-03 09:30', 100),
('1111', '2024-01-03 13:00', '1500', '2024-01-03 15:00', 180),
('1111', '2024-01-04 11:00', '2000', '2024-01-04 13:00', 160),
('1111', '2024-01-04 12:00', '3000', '2024-01-04 14:30', 220),
('1111', '2024-01-05 09:30', '1000', '2024-01-05 10:30', 120),
('1111', '2024-01-05 10:00', '1500', '2024-01-05 12:00', 175),
('1111', '2024-01-05 15:00', '2000', '2024-01-05 17:30', 230),
('1111', '2024-01-06 08:00', '3000', '2024-01-06 10:00', 150),
('1111', '2024-01-06 09:00', '1000', '2024-01-06 10:30', 130),
('1111', '2024-01-06 12:00', '1500', '2024-01-06 13:00', 110),
('1111', '2024-01-07 08:30', '2000', '2024-01-07 10:30', 160),
('1111', '2024-01-07 09:30', '3000', '2024-01-07 11:30', 180),
('1111', '2024-01-08 08:00', '1000', '2024-01-08 10:30', 200),
('1111', '2024-01-08 11:00', '1500', '2024-01-08 12:30', 120),
('1111', '2024-01-08 14:00', '2000', '2024-01-08 15:00', 90),
('1111', '2024-01-09 09:00', '3000', '2024-01-09 11:30', 210),
('1111', '2024-01-09 10:00', '1000', '2024-01-09 12:00', 175),
('1111', '2024-01-09 08:30', '1500', '2024-01-09 09:30', 130),
('1111', '2024-01-10 12:00', '2000', '2024-01-10 13:00', 120),
('1111', '2024-01-10 15:30', '3000', '2024-01-10 17:00', 160),
('1111', '2024-01-10 08:00', '1000', '2024-01-10 10:00', 150),
('1111', '2024-01-11 09:00', '1500', '2024-01-11 10:30', 130),
('1111', '2024-01-11 10:00', '2000', '2024-01-11 12:00', 175),
('1111', '2024-01-11 12:00', '3000', '2024-01-11 14:00', 160),
('1111', '2024-01-11 14:00', '1000', '2024-01-11 16:00', 180),
('1111', '2024-01-12 08:30', '1500', '2024-01-12 10:00', 130),
('1111', '2024-01-12 09:30', '2000', '2024-01-12 11:00', 160),
('1111', '2024-01-12 11:00', '3000', '2024-01-12 12:30', 150),
('1111', '2024-01-12 13:00', '1000', '2024-01-12 15:00', 190),
('1111', '2024-01-12 14:00', '1500', '2024-01-12 15:30', 140),
('1111', '2024-01-12 10:00', '2000', '2024-01-12 11:30', 160),
('1111', '2024-01-13 08:00', '3000', '2024-01-13 09:30', 120),
('1111', '2024-01-13 09:00', '1000', '2024-01-13 10:30', 130),
('1111', '2024-01-13 11:00', '1500', '2024-01-13 12:30', 150),
('1111', '2024-01-13 13:30', '2000', '2024-01-13 15:00', 140),
('1111', '2024-01-14 08:30', '3000', '2024-01-14 10:00', 170),
('1111', '2024-01-14 10:00', '1000', '2024-01-14 12:00', 190),
('1111', '2024-01-14 14:00', '1500', '2024-01-14 16:00', 220),
('1111', '2024-01-14 09:30', '2000', '2024-01-14 11:00', 150),
('1111', '2024-01-15 11:30', '3000', '2024-01-15 13:00', 130),
('1111', '2024-01-15 15:00', '1000', '2024-01-15 17:30', 180),
('1111', '2024-01-16 08:00', '1500', '2024-01-16 10:00', 150),
('1111', '2024-01-16 09:30', '2000', '2024-01-16 11:30', 180),
('1111', '2024-01-16 12:30', '3000', '2024-01-16 14:30', 160),
('1111', '2024-01-16 13:30', '1000', '2024-01-16 15:30', 140),
('1111', '2024-01-17 10:00', '1500', '2024-01-17 11:30', 120),
('1111', '2024-01-17 08:30', '2000', '2024-01-17 10:30', 180),
('1111', '2024-01-17 09:00', '3000', '2024-01-17 11:00', 160),
('1111', '2024-01-18 12:00', '1000', '2024-01-18 14:00', 140),
('1111', '2024-01-18 15:00', '1500', '2024-01-18 16:30', 130),
('1111', '2024-01-19 08:00', '2000', '2024-01-19 09:30', 120),
('1111', '2024-01-19 10:00', '3000', '2024-01-19 12:00', 175),
('1111', '2024-01-20 09:30', '1000', '2024-01-20 10:30', 120),
('1111', '2024-01-20 11:30', '1500', '2024-01-20 13:30', 180),
('1111', '2024-01-21 13:30', '2000', '2024-01-21 15:30', 140),
('1111', '2024-01-22 08:00', '3000', '2024-01-22 10:00', 150),
('1111', '2024-01-22 11:00', '1000', '2024-01-22 12:30', 120),
('1111', '2024-01-23 09:00', '1500', '2024-01-23 10:00', 180),
('1111', '2024-01-23 10:30', '2000', '2024-01-23 12:00', 175),
('1111', '2024-01-23 12:30', '3000', '2024-01-23 14:30', 160),
('1111', '2024-01-24 08:00', '1000', '2024-01-24 10:00', 150),
('1111', '2024-01-24 09:30', '1500', '2024-01-24 11:30', 180),
('1111', '2024-01-25 08:30', '2000', '2024-01-25 10:00', 170),
('1111', '2024-01-25 10:00', '3000', '2024-01-25 12:30', 140),
('1111', '2024-01-25 11:30', '1000', '2024-01-25 13:00', 160),
('1111', '2024-01-26 08:00', '1500', '2024-01-26 09:30', 120),
('1111', '2024-01-26 10:30', '2000', '2024-01-26 11:30', 175),
('1111', '2024-01-26 13:30', '3000', '2024-01-26 15:30', 150),
('1111', '2024-01-27 08:00', '1000', '2024-01-27 10:00', 130),
('1111', '2024-01-27 09:30', '1500', '2024-01-27 11:00', 160),
('1111', '2024-01-27 10:30', '2000', '2024-01-27 12:00', 140),
('1111', '2024-01-27 12:30', '3000', '2024-01-27 14:30', 170),
('1111', '2024-01-28 08:00', '1000', '2024-01-28 09:00', 125),
('1111', '2024-01-28 10:00', '1500', '2024-01-28 12:00', 180),
('1111', '2024-01-28 13:00', '2000', '2024-01-28 15:30', 155),
('1111', '2024-01-29 09:30', '3000', '2024-01-29 10:30', 145),
('1111', '2024-01-29 11:00', '1000', '2024-01-29 13:00', 200),
('1111', '2024-01-29 08:30', '1500', '2024-01-29 10:30', 160),
('1111', '2024-01-30 08:00', '2000', '2024-01-30 10:00', 130),
('1111', '2024-01-30 10:00', '3000', '2024-01-30 12:00', 150),
('1111', '2024-01-30 13:30', '1000', '2024-01-30 14:30', 120),
('1111', '2024-01-31 10:00', '1500', '2024-01-31 11:30', 175),
('1111', '2024-01-31 08:30', '2000', '2024-01-31 09:30', 115),
('1111', '2024-02-01 11:30', '3000', '2024-02-01 13:00', 165),
('1111', '2024-02-01 09:00', '1000', '2024-02-01 10:30', 145),
('1111', '2024-02-01 10:00', '1500', '2024-02-01 12:30', 190),
('1111', '2024-02-01 08:00', '2000', '2024-02-01 09:30', 125),
('1111', '2024-02-02 11:30', '3000', '2024-02-02 13:30', 155),
('1111', '2024-02-02 13:00', '1000', '2024-02-02 15:00', 160),
('1111', '2024-02-03 08:00', '1500', '2024-02-03 10:00', 140),
('1111', '2024-02-03 09:30', '2000', '2024-02-03 11:30', 135),
('1111', '2024-02-03 10:30', '3000', '2024-02-03 12:30', 130),
('1111', '2024-02-03 11:00', '1000', '2024-02-03 13:00', 120),
('1111', '2024-02-03 13:30', '1500', '2024-02-03 15:30', 185),
('1111', '2024-02-04 08:00', '2000', '2024-02-04 09:30', 125),
('1111', '2024-02-04 10:30', '3000', '2024-02-04 11:30', 170),
('1111', '2024-02-04 08:30', '1000', '2024-02-04 09:30', 130),
('1111', '2024-02-04 10:00', '1500', '2024-02-04 12:00', 150),
('1111', '2024-02-04 13:00', '2000', '2024-02-04 14:00', 135),
('1111', '2024-02-04 14:30', '3000', '2024-02-04 16:00', 190),
('1111', '2024-02-05 09:00', '1000', '2024-02-05 11:00', 150),
('1111', '2024-02-05 11:30', '1500', '2024-02-05 12:30', 175),
('1111', '2024-02-05 13:00', '2000', '2024-02-05 15:00', 160),
('1111', '2024-02-05 08:00', '3000', '2024-02-05 09:00', 140),
('1111', '2024-02-06 09:30', '1000', '2024-02-06 11:00', 120),
('1111', '2024-02-06 11:00', '1500', '2024-02-06 12:00', 130),
('1111', '2024-02-06 12:30', '2000', '2024-02-06 14:00', 160),
('1111', '2024-02-06 10:00', '3000', '2024-02-06 11:30', 140),
('1111', '2024-02-06 08:30', '1000', '2024-02-06 09:30', 125),
('1111', '2024-02-07 11:00', '1500', '2024-02-07 12:30', 135),
('1111', '2024-02-07 09:00', '2000', '2024-02-07 10:00', 130),
('1111', '2024-02-07 14:00', '3000', '2024-02-07 15:30', 175),
('1111', '2024-02-07 10:00', '1000', '2024-02-07 11:00', 140),
('1111', '2024-02-08 08:30', '1500', '2024-02-08 10:30', 180),
('1111', '2024-02-08 13:00', '2000', '2024-02-08 15:00', 150),
('1111', '2024-02-08 09:30', '3000', '2024-02-08 10:30', 140),
('1111', '2024-02-09 08:00', '1000', '2024-02-09 09:30', 125),
('1111', '2024-02-09 11:00', '1500', '2024-02-09 12:30', 160),
('1111', '2024-02-09 13:30', '2000', '2024-02-09 15:00', 145),
('1111', '2024-02-09 09:00', '3000', '2024-02-09 11:00', 170),
('1111', '2024-02-10 08:30', '1000', '2024-02-10 09:30', 125),
('1111', '2024-02-10 10:30', '1500', '2024-02-10 11:30', 130),
('1111', '2024-02-10 12:00', '2000', '2024-02-10 14:30', 180),
('1111', '2024-02-11 09:30', '3000', '2024-02-11 11:30', 160),
('1111', '2024-10-28 12:00', '1000', '2024-10-28 15:30', 210),
('1111', '2024-10-29 13:10', '1000',NULL,NULL),
('3333', '2024-09-05 12:45', '3000', '2024-09-05 20:00', 435),
('2221', '2024-09-28 11:00', '1500', '2024-09-28 21:00', 600),
('3331', '2024-09-13 13:34', '2000',NULL,NULL),
('4442', '2024-09-27 14:56', '3000',NULL,NULL);